att1,att16,att30,att35,att71,att84,att90,att94,att138,att147,att152,att162,att165,att184,att241,att265,att285,att304,att327,att329,att394,att411,att459,att464,att475,att577,att585,att631,att641,att699,att709,att719,att723,att724,att730
2,11.3413,11.5041,12.7586,9.11874,8.47176,11.7894,9.65911,9.93548,8.28711,7.22914,10.3311,6.74187,7.75739,6.78912,8.00965,8.03424,6.40879,7.16651,8.14153,7.78553,7.85095,7.08957,8.2269,6.51745,8.80675,7.61077,5.58681,7.63396,5.44834,6.42156,8.22898,8.21465,5.89213,4.0667
2,11.6655,12.3808,11.4922,10.0751,8.49257,11.94,9.09998,10.0846,9.14896,7.63814,9.25539,6.80451,7.20786,6.98767,8.45105,7.1104,6.38221,8.18559,7.23772,8.12343,8.32244,7.73766,6.8412,7.1122,7.32681,9.00014,5.75928,7.7352,5.36821,8.34051,7.54812,8.60387,6.54522,4.16742
2,10.3314,12.0793,11.8723,10.3177,8.45414,12.8426,11.758,10.2687,8.97733,7.88343,8.99897,6.89766,8.20831,7.40951,9.04081,7.78383,8.01103,8.88586,6.82981,7.96778,8.44784,7.94157,6.67278,7.63175,7.61915,9.92143,6.10227,7.99883,7.66829,8.20015,7.69409,8.49207,5.87034,4.19643
2,10.3025,11.9832,12.5761,10.0772,9.06166,11.688,11.3493,9.87279,9.05584,7.90851,8.90605,6.67105,8.24547,7.81323,8.80801,7.38603,6.45735,8.0754,8.10731,7.81284,8.19807,7.80817,6.54534,6.27672,7.34263,8.99589,5.69286,7.42774,5.7122,6.79797,8.38082,7.85677,6.56117,4.38335
2,10.5566,12.1645,12.2723,10.3731,9.41281,11.954,11.2734,9.70145,8.02994,8.18036,8.63911,7.74218,7.56382,7.23462,9.46731,6.90481,7.71461,8.2441,7.82281,7.82157,9.19737,7.70184,6.51641,6.58823,7.61122,8.14837,6.07486,7.50106,5.01823,11.566,8.53931,8.09728,4.98923,4.28293
2,11.295,11.694,11.7739,10.0767,9.28684,10.9841,11.0883,10.9536,8.79062,8.83605,9.99647,7.79093,7.62844,7.28895,8.34657,7.52637,6.7652,8.77106,7.88506,8.09068,9.41858,8.56261,8.65738,7.52959,8.09851,9.56289,5.72944,7.65748,5.31252,8.60016,8.32833,8.75468,5.99181,4.3009
2,9.87791,11.5946,12.4349,9.42698,8.4074,11.4552,9.65485,9.56699,8.24279,8.17793,8.60887,8.19776,8.35488,7.27029,9.14332,8.0885,8.65845,7.17016,7.22726,7.83839,8.39196,7.78965,7.05623,6.87686,7.06489,9.30116,6.54348,7.3207,6.52651,7.48369,7.9826,7.95944,5.58442,4.15868
2,10.4954,11.035,12.0088,9.66244,8.2618,10.5178,10.7069,8.76836,7.14827,7.9446,9.23165,7.69598,7.81493,6.72898,8.75591,7.2274,6.61571,7.29441,8.30072,7.5797,9.04709,7.53402,6.61735,6.18506,11.1389,8.97395,5.78026,7.40096,5.76868,6.42466,7.68303,7.62967,7.58918,4.10776
2,8.6233,10.3344,11.5009,9.16652,8.58038,11.1985,12.6821,8.8045,9.81405,7.39148,7.39851,7.23037,8.3684,8.96833,8.85106,8.30398,6.44858,8.87642,8.03205,7.68696,7.21154,7.0452,10.7783,6.12334,7.39146,7.04435,5.63498,7.18985,4.9973,6.99592,7.15935,7.40539,6.47853,4.13191
2,10.6804,12.0845,11.9546,9.63404,8.75349,11.7337,11.8592,10.8715,8.50507,8.95642,9.76285,7.31156,7.76702,8.10344,9.42672,7.91051,6.35562,7.82141,8.00291,7.63348,8.97292,7.78827,7.74922,8.21032,7.42681,8.97609,6.20846,7.56022,5.55912,7.96561,8.08828,9.1005,5.8111,4.25915
2,9.77423,11.7395,11.8482,9.28263,8.84745,12.0991,11.1485,8.71197,7.81122,7.54037,9.41913,6.87123,8.68187,8.71931,8.40986,7.17106,6.84129,7.59375,7.36726,7.71929,8.56449,7.1246,6.99746,6.2654,10.0569,8.17566,5.78016,7.19262,5.78671,6.70322,6.17252,7.60717,5.72068,4.24106
2,9.99788,11.5203,12.1062,10.5261,8.53456,11.5824,10.4515,9.82444,8.16652,7.74758,9.1634,7.7919,8.25759,7.3215,8.44306,8.10848,7.5209,7.51177,7.35377,7.63381,8.56783,7.28967,7.89959,6.89434,9.71109,8.18675,6.06305,7.39377,6.39291,7.93973,7.52952,8.50648,5.65329,4.44282
2,9.95687,11.1588,11.5134,9.73588,9.20376,12.7707,11.8556,9.06261,7.51534,8.07771,8.83404,7.89022,7.70212,7.20553,9.01605,8.74106,6.63725,8.08459,7.44404,7.73494,8.57465,7.25222,6.80086,6.11008,8.76036,8.48848,5.9791,7.02186,6.67869,6.46741,7.16305,8.02963,6.17795,4.28668
2,10.0486,11.9152,12.3692,10.2818,8.83338,11.4932,12.0111,9.8149,7.89167,8.18062,8.71884,7.14317,7.51061,6.75214,9.06706,7.9687,6.5671,7.66782,8.90097,8.05719,8.30457,7.60795,7.22216,7.08432,10.6516,7.86813,5.84654,7.64476,5.315,7.16964,6.96533,8.40896,5.39095,4.69164
2,9.97771,10.9835,12.2059,10.744,8.68079,11.8714,9.12001,9.3272,7.64497,8.25838,8.585,9.26255,8.53603,6.82596,8.40494,7.61992,6.54907,7.47676,7.51223,7.69,8.77857,8.71341,6.91361,6.39691,10.4583,8.98756,6.71033,7.37995,5.72845,7.43752,8.4802,8.35023,5.62683,4.53506
2,10.0075,12.5439,12.4458,10.177,9.53203,12.5258,11.9737,9.10169,7.85838,7.86187,8.79163,7.24648,7.40818,7.42584,8.94832,7.2285,7.45912,7.35146,8.11433,7.16952,8.80635,7.51086,6.44817,7.04307,7.70619,8.71404,5.59118,7.43493,5.57389,7.45839,7.77349,8.2596,5.30887,4.51534
2,10.4179,11.8211,11.712,10.3939,8.81777,11.51,12.2102,9.55028,7.55624,7.63374,9.16877,7.01925,7.10471,6.97351,9.11142,7.07205,6.69896,8.98034,9.00846,7.64717,8.3906,7.24236,6.75201,6.97473,9.14181,8.94019,6.32234,7.20986,5.51745,6.57452,8.11008,8.39566,6.91677,4.35407
2,8.33912,8.70369,11.8836,9.89492,10.5125,11.1583,10.3328,8.22673,7.19156,7.76431,7.09289,6.36583,7.87864,6.4855,10.6982,7.33846,6.6122,6.87409,8.14549,7.01937,7.65196,6.39949,6.60384,6.23819,7.36234,7.04872,6.76224,7.84881,5.17329,6.48445,8.38928,6.48171,5.12079,7.62162
2,9.7586,11.869,11.4931,10.2336,8.95422,12.9673,9.54525,8.98254,9.571,7.48343,9.19647,7.07473,7.40468,6.97058,8.15454,7.3696,9.15313,8.49573,7.65853,7.77171,6.90812,7.03393,8.77927,6.46562,7.57428,8.59556,6.99797,7.6594,5.54692,6.79236,8.49573,7.81307,6.13789,4.4091
2,10.5363,11.4038,11.7305,9.85504,9.17473,12.3977,11.1219,9.47709,7.79032,7.75975,8.61759,8.33208,7.07886,8.9059,8.99672,7.92092,6.19689,6.96173,8.51329,8.10565,8.10127,7.92929,6.77883,7.26098,9.73798,8.76973,8.33283,7.44186,6.01031,6.39045,7.09974,8.22256,6.71638,5.79102
2,10.287,11.7349,12.2722,10.2312,9.03914,13.1264,12.0062,10.1634,7.82848,7.7757,8.56288,6.94189,8.33647,7.17815,8.74379,7.07738,8.84416,9.56481,8.021,8.29929,8.07503,7.94173,8.15453,6.52912,7.87873,10.0988,6.03007,7.69883,5.89022,7.89889,9.1809,8.20442,6.79647,4.22577
2,9.11987,9.92523,12.3571,10.8482,9.34161,12.0493,9.92041,8.79773,7.66305,7.13516,9.04496,6.7475,7.41531,6.96848,9.21573,7.17363,6.32809,9.51686,6.72732,7.59621,8.46248,7.35073,6.82951,6.06327,7.54941,7.27885,6.29924,7.52427,7.92261,9.62564,8.57845,7.44116,5.3669,4.41202
2,8.97558,10.5088,11.808,8.93343,9.87497,12.5687,9.83203,8.53087,9.3567,7.32513,8.34286,6.76697,7.21868,8.85236,9.68462,8.15602,6.56077,8.47221,7.77843,7.64409,7.93195,6.32922,6.92222,7.52614,7.49938,6.94505,6.39429,7.0632,5.64303,7.23165,7.91136,7.13902,5.08869,5.36052
2,10.0178,11.2968,12.2284,9.9882,8.89277,11.9492,8.90307,10.5566,8.35054,7.94186,8.66931,7.39408,7.41868,7.14303,9.00883,8.07965,6.40523,8.61002,7.85617,7.98703,7.84772,7.52507,6.65307,7.38112,7.36621,8.33031,6.1886,7.85604,8.01039,8.37366,8.12892,8.71913,5.84911,4.23084
2,9.4407,11.5466,11.5304,10.325,8.90168,11.4607,10.9785,8.44997,7.60957,7.92767,8.18218,8.19411,7.05436,8.19655,8.6045,7.35203,6.82092,8.51028,7.79646,7.7134,7.85304,7.00638,6.89654,5.33251,9.71115,8.01741,5.85929,7.36617,5.30049,6.73014,8.42878,7.44839,5.46385,4.09747
2,10.3186,11.6673,12.1486,9.23102,8.91916,12.4343,11.2799,10.1045,8.06165,7.86216,9.7548,6.56046,6.6992,7.14559,8.20854,7.7077,6.65222,7.24391,8.25066,7.80664,8.98054,7.71152,9.71522,6.62769,9.23323,8.84622,6.35638,7.66769,5.23288,6.97143,6.33788,8.12834,5.19855,4.54071
2,10.7073,11.7518,12.1412,10.0257,8.65972,10.7796,11.779,10.8267,8.64565,8.60969,9.55046,8.25453,6.8904,7.74202,8.8848,7.93918,6.97038,8.40698,8.58128,8.60469,8.70319,8.00216,6.59309,8.20298,9.83985,8.53304,5.86085,8.09933,5.01414,6.89176,7.90945,8.98882,5.40306,4.32596
2,9.81924,11.5601,11.7678,9.34508,10.0035,11.2734,10.4755,9.72508,7.63017,7.32006,9.58377,6.14555,8.36878,7.457,8.79205,7.19774,6.64614,9.64782,8.10705,7.90458,8.28209,6.9934,6.49378,7.14657,7.12793,7.16805,5.86955,8.0552,5.11495,8.38113,7.95629,8.36142,5.82244,4.75828
2,10.8843,11.5793,11.9178,10.3702,8.60596,12.269,10.4927,10.0053,8.26277,8.25615,9.72806,6.62792,7.53895,6.87549,8.92277,7.40205,6.69903,7.62571,8.15584,7.83256,9.13033,8.20016,7.36893,7.80822,7.57208,9.23512,5.78664,8.27342,6.39673,6.82704,6.89005,8.99253,5.389,4.80855
2,11.177,11.8002,11.8798,10.1374,8.38368,13.231,10.7045,9.98762,8.85768,8.96797,10.0534,6.94855,7.19321,6.87711,8.31337,8.1622,6.47346,8.57719,7.8609,7.92043,8.00952,8.04297,7.02339,6.94416,7.65035,9.04534,5.69047,7.9436,8.26665,7.25006,7.42543,8.49853,5.62009,4.15047
2,10.5897,10.5101,12.0675,8.81543,8.31533,11.1426,11.1257,10.4335,8.81004,8.06706,9.2547,6.8359,6.93785,7.01363,8.22142,7.77882,6.79376,7.93776,7.3494,8.23993,9.03244,8.09366,7.39162,7.62181,10.4483,9.01502,6.04184,8.32777,5.10278,7.26954,7.50554,8.98762,5.65079,4.29136
2,10.7226,11.2117,10.8291,10.5728,8.45957,12.7044,12.58,9.11747,7.6328,7.71464,8.57671,6.90563,7.54339,7.88485,8.7808,7.6488,9.05298,10.1066,8.53584,7.94639,7.93767,6.75893,10.0733,5.93905,7.60791,7.88931,5.98574,7.42993,5.09448,6.42616,8.81244,7.79731,6.24245,4.20785
2,10.4773,10.6429,11.9438,9.21479,8.20954,11.6598,10.4888,9.57696,8.22818,8.86997,8.78454,8.82864,7.60519,7.20346,8.00724,7.25762,7.88113,9.12509,7.48222,7.87338,8.54521,8.19127,10.3675,7.27521,8.90018,8.20244,5.98781,7.84526,5.48138,6.6871,8.72707,8.66485,5.83206,4.40446
2,10.3228,10.6671,11.5965,10.2092,8.79309,12.2057,12.3394,8.39103,7.16363,7.5484,8.22877,6.00558,8.09263,6.36107,9.10357,7.81483,6.72649,8.79492,8.98669,7.98918,8.00297,7.109,8.48864,6.12161,7.48473,6.9939,6.05355,7.05556,5.34341,6.53098,5.97338,7.68452,6.36248,4.22555
2,9.31693,11.3408,11.4239,9.66995,9.57631,10.5362,10.8854,9.87275,10.783,7.46483,11.8015,7.74807,7.2266,7.60785,8.58258,7.44977,7.45411,9.12011,7.14698,8.34167,7.71394,7.66777,7.87916,6.0509,8.5617,7.79743,5.98588,7.73584,5.28332,7.8748,8.63774,7.75226,5.24111,4.07825
2,9.5352,10.0391,11.6591,9.67376,10.0327,11.0108,11.5997,9.31084,7.30907,8.15222,10.3079,7.85447,7.42976,9.18184,9.08095,9.01507,6.06136,6.81992,8.52961,7.3939,7.36547,7.31976,6.55844,6.5388,9.3798,6.49417,5.72156,7.29544,8.14149,6.15793,8.24286,8.20347,5.34259,4.83936
2,10.0302,11.7885,11.8438,9.40301,8.67794,12.0798,10.2371,10.065,8.05146,8.77812,9.35093,6.795,7.33882,6.59112,8.19054,8.18717,8.09363,8.89732,7.82556,8.05776,8.74607,7.69048,7.30395,7.49307,8.36351,8.05656,6.05762,7.82796,7.1335,8.40022,7.53615,8.96311,5.39684,5.16725
2,10.4065,11.0859,12.6108,9.81232,8.70727,10.983,9.21767,9.98145,8.10149,7.93842,9.12173,8.45122,6.936,7.90919,8.41989,7.5983,6.79976,7.87099,8.85279,8.32374,8.51564,8.04297,10.7078,7.60578,9.17068,7.67458,7.20239,7.67131,5.39529,8.2142,7.66092,9.07136,6.02311,5.99701
2,9.94182,11.3416,12.068,10.5602,8.9306,11.6326,11.8918,8.90624,8.77387,7.97139,7.47514,8.40495,7.43552,7.39529,8.92937,8.01781,6.91257,7.70135,8.53933,7.29357,7.65333,8.03524,6.73918,6.16761,7.7089,7.58774,5.82103,7.23133,6.85947,7.31119,7.74836,7.77859,5.15889,4.16456
2,8.80019,11.8676,11.8491,9.82718,9.1059,12.1098,9.75523,8.47035,7.36591,7.50173,9.55763,8.16625,7.47001,8.13083,8.21329,8.05799,6.58971,10.8318,8.17076,7.71994,7.94613,6.80798,9.77834,6.68927,10.0376,8.62406,6.72893,6.80801,6.34718,6.52946,8.81966,7.91122,6.85691,4.96322
2,9.91496,11.2053,11.7562,9.65775,8.87063,11.9269,10.6879,8.7373,7.56859,7.34119,8.7036,7.50944,7.29516,7.74607,9.33125,7.84478,7.78547,9.39177,7.62852,7.71313,8.7517,7.24642,7.06102,6.7354,7.27109,7.2058,8.12236,7.06566,5.64525,9.79449,7.51554,8.55194,6.40461,6.00911
2,8.4783,11.4935,12.1677,10.0057,8.11248,12.0326,12.7536,9.30687,7.26423,6.82393,10.5085,6.93566,8.62109,7.17394,8.79362,7.40431,7.03813,8.31577,7.8929,9.09698,8.46853,6.71546,6.56692,6.00794,10.0333,9.72442,8.21929,6.8405,5.08864,6.34836,6.42695,7.32654,7.75205,5.73949
2,9.66311,10.836,12.0472,9.58121,8.94027,12.2713,11.6998,9.53345,7.21834,7.88899,9.60805,7.51983,7.82685,7.90958,9.42854,7.54329,6.34019,8.56105,7.28591,7.93501,9.35075,7.90427,6.78347,6.50396,7.40511,8.85115,6.26161,6.99104,5.19963,6.6057,7.10605,7.62435,5.52928,3.92835
2,10.3584,11.1198,12.2765,9.81558,9.73261,12.8134,10.487,10.3062,9.34362,7.53501,11.2677,6.93,8.53511,7.96117,9.29721,8.46705,6.52664,8.7254,8.08197,7.53233,9.48341,7.78327,10.0791,7.65835,7.65101,8.73003,5.35161,7.38755,7.30543,6.47852,8.59643,8.91114,5.7506,4.23529
2,10.3974,10.5204,11.4869,10.6107,9.74598,12.1797,9.7194,8.90215,7.7718,7.1924,10.5738,8.95433,6.94731,6.38812,10.1414,10.1308,9.86508,7.3633,7.34617,7.63489,7.72935,6.64797,6.63175,5.73656,8.54431,7.23895,7.89725,7.01032,7.3111,6.33868,7.86776,7.77461,4.99868,5.44019
2,11.1939,11.2606,12.2493,9.75231,8.53918,11.3971,9.39211,9.42717,8.48209,7.84519,10.0765,7.31341,7.39855,6.95473,8.15321,7.46524,7.41217,8.51051,8.33519,7.86348,8.80558,7.75505,9.25087,6.49551,7.48373,8.75138,5.94528,7.56997,4.94939,7.53411,7.56271,8.2303,5.6248,4.24075
2,8.88754,10.9384,12.8272,9.02185,9.33742,10.1362,10.1729,9.7766,7.38404,7.53011,8.41231,6.68698,7.21631,6.31782,9.16213,8.08316,6.59627,8.79066,6.79652,7.44575,9.09386,7.6696,6.4603,6.13957,8.0489,8.61328,6.44644,7.38022,4.89654,6.80496,7.1872,7.27558,4.95207,4.48674
2,10.2367,11.8717,11.5567,8.85785,8.5566,11.2382,9.97612,9.09317,8.53891,7.73963,9.79572,7.18709,7.68636,8.2016,8.34855,7.44303,7.51009,9.55074,8.73548,8.07159,8.13849,6.90048,10.6829,6.57218,7.20423,7.64134,5.81411,7.35464,5.50859,6.29829,6.31736,7.8443,5.48442,5.35044
2,9.92984,11.5174,11.4205,10.7408,9.86858,12.4827,11.3855,9.37511,7.36644,7.59728,8.03465,6.77369,8.43442,6.51816,9.72815,7.83069,6.11121,7.16845,8.40357,7.7392,8.43371,7.34145,7.06795,6.40391,8.29348,7.37697,7.55038,7.02041,5.54883,7.20571,7.22032,7.75955,6.14905,5.04106
2,10.299,10.8509,11.6602,10.1636,10.0371,10.593,9.81059,8.6103,7.25669,7.17211,11.6047,8.25005,7.19204,8.81797,9.02786,9.09637,6.66944,8.23763,9.3337,7.62247,8.50054,7.25279,9.97432,5.82129,7.02739,8.42785,5.84294,6.90912,7.77557,8.686,7.33311,7.36062,4.89133,4.30078
2,10.5619,11.3869,11.6468,9.52442,8.63623,12.6028,11.7421,9.41374,7.27217,9.32286,8.78856,8.42036,7.27248,7.45352,8.75866,7.21766,6.20736,6.88866,8.66279,7.64933,8.35462,7.77576,7.23387,6.93276,8.41354,7.40266,5.99683,7.14871,5.18083,6.27927,7.51419,8.06178,6.03881,6.56514
2,11.4279,11.485,11.7584,10.4791,9.47394,11.9277,11.6823,10.1353,8.39412,7.62955,8.08643,7.05616,6.83463,7.14475,9.21686,8.45342,6.21611,7.4156,8.89828,7.69192,7.84504,6.73364,6.58238,7.38243,8.23747,7.95491,5.62758,7.67501,9.59165,9.79405,7.39884,8.54197,6.55265,6.09914
2,9.83355,9.79659,11.7758,9.59568,10.1807,12.5504,10.1464,10.0428,7.76208,8.17796,8.42875,7.23095,7.90173,7.76988,8.69289,7.79202,6.0775,8.5163,7.77281,6.72713,7.93178,8.05426,11.2153,7.65654,7.50467,8.48072,5.42718,7.45491,8.48583,7.11974,8.41637,8.72707,4.81485,4.31717
2,9.11967,11.3379,12.0931,9.7666,9.9344,12.6881,11.3262,9.65477,10.2703,7.5093,10.6613,6.79344,8.11033,8.78687,9.34914,8.68539,8.26993,8.44429,7.30631,7.66782,7.05377,6.99054,9.17384,6.85653,7.91124,7.68074,5.81854,7.51359,5.60866,6.60639,8.43856,7.91383,5.89025,4.42719
2,10.6524,11.0241,11.417,10.6255,9.8961,12.9482,11.571,11.0666,9.84464,7.09746,9.36099,7.05113,7.38126,7.82094,8.99537,8.14136,6.14468,9.37609,8.86563,8.0651,8.51433,7.82778,10.3389,8.02273,7.27484,7.98832,5.69303,7.43118,6.66316,5.97787,9.31872,9.14303,7.20305,4.25763
2,10.4729,10.4105,11.7982,9.82487,9.91527,12.6636,11.4242,10.2081,8.31104,7.49745,10.4812,7.02048,7.53432,8.76223,9.32729,7.54562,6.71924,9.6711,8.38431,7.58976,8.58494,7.53132,10.6022,7.43171,8.29232,8.46724,5.765,7.28218,7.4472,9.18543,9.66827,8.78761,7.00968,4.3529
2,10.4076,11.4254,11.0577,9.80713,8.85035,12.309,12.6147,9.40584,8.56905,7.68245,9.79524,6.84889,7.67032,7.91293,8.55255,7.30511,7.41262,9.51703,8.53686,7.84056,8.67881,7.36294,7.45639,6.57643,9.36466,9.20735,6.34172,7.54178,5.00761,7.48482,7.59185,7.92486,6.03561,4.09835
2,10.0335,10.2741,11.8187,9.68803,8.94159,11.8769,8.26186,9.73677,7.30639,6.85755,10.2336,7.56038,7.55085,8.0259,8.04808,7.56212,6.59376,7.85125,7.56915,8.14925,8.42343,7.9888,7.23661,6.88213,7.64941,9.06751,6.79777,7.30503,6.61468,7.29925,5.67852,8.38538,5.06699,4.95137
1,12.1294,11.2635,10.8938,9.25821,8.70285,10.898,9.38494,12.3024,10.3758,8.79272,11.0925,6.18968,6.75054,7.31414,7.55173,7.46782,6.1356,9.7224,7.45025,9.06999,9.54781,9.34942,6.8822,9.98218,7.20036,10.581,5.38909,9.81522,5.54056,6.17108,9.04577,11.3689,5.1778,4.30491
1,11.6721,11.3078,11.0198,9.3699,8.69865,11.5014,9.92557,11.8504,9.92049,8.431,10.8914,6.53434,7.24532,7.22855,7.98958,7.24658,6.30598,10.0062,6.96239,8.38645,9.91881,9.08378,6.76343,9.56755,7.37299,10.0269,5.62928,9.91499,5.74626,6.51183,8.33027,10.8491,5.30985,4.27243
1,11.9014,11.0157,10.681,9.1014,8.47509,10.836,9.7158,12.0787,10.2746,8.72406,10.8577,6.65475,6.52651,7.04909,7.92987,7.53908,6.25975,9.16741,6.98694,8.99595,9.46515,9.0964,6.93949,9.54128,7.45729,11.2058,5.63495,9.21014,5.45521,6.34543,8.30255,9.95615,5.17158,4.269
1,11.43,10.7342,11.4001,9.10648,8.86913,11.4187,9.95248,12.18,9.21825,8.88761,10.0799,6.81583,7.17403,7.15807,8.00186,7.19905,6.26511,8.73464,6.7868,8.66274,9.70627,8.85101,7.05407,9.15565,7.32015,9.7737,5.60813,8.66136,5.99683,6.86009,8.0847,9.77015,5.46124,4.27989
1,11.6979,11.0226,11.106,9.13876,8.79405,11.127,9.94385,12.1253,10.4007,9.13254,10.0558,6.3915,6.47882,7.10128,7.65554,7.08319,6.407,9.51977,6.8413,8.98324,10.1462,9.62816,6.77553,9.73986,7.53562,11.2876,5.86175,10.1576,5.37356,6.6256,8.36968,10.3725,4.8607,4.23154
1,11.8531,10.5808,10.4087,8.92325,8.41105,11.1068,9.75393,11.6782,9.85955,8.05685,10.8041,6.78432,6.64283,7.30085,7.65652,7.1383,6.42865,10.0822,6.62255,8.32601,9.6355,9.1414,7.10574,9.74127,7.38249,10.395,5.73531,9.31821,5.82521,6.6255,8.53465,10.165,5.42962,4.29573
1,11.665,11.1492,11.2874,9.19123,8.887,11.6516,9.90752,12.3341,10.2476,10.0191,10.8394,7.10938,6.80793,7.12133,7.8599,7.52866,6.06728,9.63103,7.50472,8.96841,9.95413,9.87919,6.88823,10.4136,7.50508,11.4651,5.40596,10.5103,5.57114,6.62539,8.81848,11.006,4.84051,4.34767
1,11.4454,10.3117,10.1147,9.74724,8.32247,11.0017,8.67511,11.4928,10.1921,8.41546,10.354,5.81701,6.6588,7.24998,7.99579,7.4285,6.52865,9.30257,7.10176,8.87002,9.48864,8.61746,6.88056,9.11637,7.48108,9.82811,5.80443,8.56492,5.80878,6.61209,8.5331,10.6743,5.39997,4.21967
1,12.2108,10.8473,10.8407,9.2265,8.73046,10.7592,9.81017,12.2949,10.4929,8.14144,11.128,6.77885,6.56603,7.23146,7.75345,7.33951,6.14612,9.55675,7.58657,8.55419,9.84584,8.97348,6.78544,9.80678,6.99584,11.0102,5.43768,9.49558,5.59283,6.04891,8.75876,11.2689,5.29463,4.34327
1,11.0136,10.95,11.2116,9.71662,8.29473,10.8631,9.9326,11.5863,9.45293,8.62389,9.71238,6.63993,6.14271,6.56112,8.26915,7.07028,7.03306,8.30188,6.89354,9.03703,9.51391,9.3698,7.22188,8.96765,7.49192,11.2097,5.79142,9.57114,5.024,6.86488,7.62782,9.37472,5.37125,4.34269
1,11.9809,10.8924,10.9383,9.23664,8.66796,11.8637,10.4533,11.8999,10.189,8.60757,11.0808,6.52122,6.69416,7.13749,7.68313,7.54575,6.05405,9.86829,7.12512,8.76812,9.45172,9.24158,6.73393,10.0942,7.3505,10.3839,5.4083,10.0018,5.72743,6.54324,8.91185,10.7188,4.8693,4.22475
1,11.846,10.7431,10.4847,8.74334,8.72821,11.399,9.50769,12.2736,10.5205,9.10047,10.4728,6.60059,7.15251,7.18351,7.87972,7.49792,6.23464,10.0031,6.55116,9.27172,9.4752,8.43787,6.7974,10.1932,7.62451,9.97525,5.62943,9.77344,6.39032,6.13504,8.86339,11.4656,4.94479,4.44662
1,11.9792,9.51181,9.84141,9.4524,8.27016,10.9308,8.86738,11.7898,10.6352,9.01637,10.7331,6.76128,6.59513,7.04771,7.78714,7.91037,6.20123,9.28008,7.35919,8.2477,9.74757,9.17514,7.49507,9.59608,7.54482,10.0529,5.51893,8.65506,6.0131,6.12114,9.20336,11.314,5.40114,4.33804
1,11.6438,11.0542,10.8516,9.28392,8.77451,11.1476,10.5929,11.7986,10.2304,8.74152,10.7078,6.52012,6.59971,7.13558,7.66081,6.92212,6.2435,9.67407,7.16919,8.57033,9.73501,9.38606,6.87258,9.96592,7.48323,10.7115,5.61862,9.87953,5.16269,6.35554,8.43707,10.5995,5.06431,4.19753
1,11.7486,10.9585,11.1682,9.55898,8.90741,11.206,10.0417,12.0522,10.763,8.30314,10.8936,6.51355,6.47984,7.1819,7.55789,6.99034,6.08798,9.52422,7.56468,8.38972,10.2755,9.60457,6.81771,10.434,7.37258,11.3563,5.44323,10.2324,5.91905,6.46469,8.50554,11.2441,5.29255,4.53209
1,11.844,11.0691,11.0433,9.09506,8.66142,11.1156,9.58812,12.0262,10.2979,7.99581,11.0485,6.36906,7.07981,7.02512,7.75835,7.2911,6.38815,9.71778,6.81245,8.58103,10.1431,9.3526,6.7428,9.85281,7.25274,11.1237,5.43751,9.87295,5.71061,6.40575,8.5033,10.0393,5.09055,4.26912
1,11.6238,11.0982,11.1127,9.09379,8.77484,11.2293,9.75814,12.1935,10.4406,9.10294,10.9832,6.83484,7.02433,7.33048,7.94417,7.54849,6.18398,9.54162,6.58321,8.86229,9.89688,9.55904,7.26009,10.2326,7.28709,11.641,5.54846,9.8295,5.49611,6.22728,8.26048,10.2846,5.38251,4.23323
1,12.0089,11.2752,11.0301,9.35943,9.07132,11.275,9.20929,12.5643,10.8396,8.82997,10.4718,6.68447,6.97406,7.10331,7.82396,7.58907,6.24851,9.68414,7.0858,9.43295,9.90779,9.6136,6.16523,9.8799,7.44209,11.1745,5.53973,9.65629,5.8184,6.61781,9.16361,10.8287,5.31298,4.25569
1,11.6284,10.9106,10.9767,9.66257,8.54751,11.2609,9.42996,11.3507,10.1185,8.13444,10.8901,6.98471,6.64172,7.0208,8.33447,7.0986,6.84211,9.31478,7.43907,8.90407,8.97345,8.20014,7.62303,8.68736,7.37745,10.3583,5.49276,8.84962,5.4994,6.46455,8.23698,9.9841,5.48829,4.33256
1,11.6176,11.2489,11.2881,9.37197,8.69762,11.0468,9.55527,12.1476,10.2513,8.40829,10.7943,7.19317,6.69696,6.84152,8.10982,7.17461,6.38526,8.8907,6.84066,9.36207,9.29718,8.44004,6.9691,8.84731,7.34174,10.6128,5.70844,8.63753,5.05461,6.77439,8.12997,10.1801,5.26881,4.2852
1,11.8188,10.5819,10.5287,9.52689,8.18539,10.5179,9.10487,11.9096,10.2325,8.44861,9.86023,6.31163,6.32127,7.07389,8.01341,7.1131,6.59495,9.08867,7.38535,8.72682,9.42855,8.93743,7.03832,9.72914,7.59569,10.4563,5.84167,9.96435,5.47966,6.79423,8.28314,10.4889,5.45805,4.35857
1,11.8428,10.276,10.6199,9.01395,8.51385,11.3184,9.64873,12.4534,10.3911,8.62731,10.8934,6.96412,6.7719,7.02784,7.67332,7.41708,6.44422,9.50427,6.65047,8.32543,9.70191,9.34084,6.98342,10.0783,7.45716,10.1745,5.44692,9.51179,5.86241,6.44468,8.8498,10.9366,5.37188,4.25501
1,11.219,10.8096,10.5132,8.84928,8.22562,10.3282,9.0262,11.2167,9.78853,8.34874,11.2312,6.76349,6.8529,7.19817,7.99916,7.15622,6.46981,9.30583,6.62106,8.55839,8.68366,7.76062,7.33256,9.28882,7.49884,10.5749,5.7914,9.29785,5.26703,6.71914,7.96264,9.6239,5.07723,4.17003
1,12.0831,10.8661,10.8183,9.01744,8.58796,11.4198,10.0912,11.9398,10.4821,8.22549,11.0612,6.94855,7.21396,7.19396,8.08117,7.67651,6.19323,9.92371,6.98456,9.26062,9.19116,8.80191,7.05033,9.55514,7.52242,10.3121,5.65996,9.31518,5.99008,6.51264,8.81038,10.7088,5.28083,4.47874
1,11.7587,10.9159,11.3143,9.13597,8.70532,11.3893,10.1111,11.9912,9.74477,8.71138,10.921,7.06393,7.23534,6.9257,7.6477,7.59947,6.8274,9.61398,7.41334,8.96791,9.87587,9.40873,6.81113,9.24638,7.31126,11.4777,5.76278,9.74068,5.55496,7.19873,8.36218,9.9792,5.45492,4.37471
1,11.5942,10.9894,10.8425,9.00125,8.62677,11.7583,10.2414,11.1895,9.36709,8.0427,10.7689,6.67329,6.69997,7.21587,7.40456,7.47029,6.49308,9.89483,7.30712,8.41668,9.97266,9.22506,7.39455,8.41377,7.25129,10.4844,5.85398,8.53742,4.88406,6.92018,7.93576,9.56758,5.19506,4.24615
1,11.8911,10.9242,10.9186,9.1923,8.83765,11.0423,9.38592,12.8014,10.1122,8.47361,10.6072,7.30667,6.52291,6.59819,8.05369,7.20371,6.17559,9.51082,7.43983,8.99526,9.34215,9.12807,7.31899,10.1984,7.49029,10.4166,5.61749,9.21496,5.66933,6.47148,8.56016,11.0693,5.14416,4.42804
1,10.8527,10.7332,11.5566,9.80613,8.68574,11.2124,10.7808,11.9552,9.37348,11.291,9.94312,7.11719,6.59968,7.02821,8.13891,7.34565,6.47317,8.40067,7.4002,9.66724,8.74013,9.25728,7.52094,8.45337,8.11937,10.0397,5.8044,8.1422,5.26498,7.05038,8.47626,9.89385,5.14762,4.23848
1,11.9558,11.1169,10.8802,9.38086,8.58216,10.9588,9.49623,11.9956,9.87142,8.78716,10.5956,6.30989,6.96206,7.05423,7.94813,7.06386,6.19856,9.24655,7.55676,8.57429,9.71491,9.22935,6.34813,9.76406,7.05844,11.3257,5.34622,9.96967,5.45809,6.57316,8.54497,10.7696,5.15441,4.2375
1,11.6098,10.7608,10.8097,9.39213,8.91238,11.3455,9.66578,12.2633,9.94644,10.2254,10.517,6.66842,6.93958,7.00652,8.03674,7.19052,6.36037,9.50439,6.54537,8.81052,9.73838,9.64706,6.797,9.90223,7.44896,10.5444,5.59207,9.26517,6.05181,6.69658,8.31853,10.837,5.47588,4.28309
1,11.554,10.838,11.3022,9.03222,8.94362,11.0873,9.90305,11.6583,9.17691,8.06433,10.4195,6.83565,6.9411,7.50953,7.92805,7.72891,6.67006,8.24732,7.11761,8.71547,9.48613,8.43,6.7646,9.11568,8.07159,9.36813,5.75091,8.62519,5.67495,7.16621,8.27972,9.67656,5.20347,4.18715
1,11.8198,11.2496,11.2437,9.28138,8.71661,11.1181,9.41287,12.1875,10.1473,9.3335,11.0092,6.76633,6.87678,7.70375,7.91094,7.38638,6.33217,9.47638,7.51585,8.5649,9.99029,9.28986,6.60241,9.79177,7.31861,11.5156,5.37316,10.2787,5.80476,6.89791,8.37882,10.7136,5.08131,4.21948
1,10.8261,10.0934,10.0786,9.15106,8.51608,10.5763,8.19771,11.1561,9.04527,8.65069,9.68018,6.21537,6.92052,6.83663,7.80198,6.80848,7.1967,8.60043,6.61249,9.44314,9.13095,8.86661,7.03641,8.08277,8.13256,9.50349,5.92507,8.29835,5.62851,7.1012,7.62173,9.60778,5.04838,4.13378
1,11.4262,10.9647,11.1673,8.97182,8.33061,10.4393,8.98999,11.4907,10.4839,8.14337,12.4888,6.64713,7.27606,7.39782,7.73828,7.25636,6.54513,9.24231,7.40426,8.52298,9.60788,8.42774,7.0263,8.88359,7.46293,10.0547,5.44011,9.1743,5.99562,6.9029,8.13395,10.0714,5.50115,4.18317
1,11.4737,10.6014,11.2576,9.1797,8.61558,10.5983,9.08292,11.6041,9.89505,8.91513,11.1315,6.7526,7.07892,7.26295,7.92804,7.43538,6.61103,9.02636,7.09536,8.59073,9.49991,8.81637,6.9315,8.922,7.62171,10.2255,5.60246,9.25678,5.95709,6.7551,8.09093,10.0624,5.30119,4.07257
1,11.4774,9.49485,9.84352,9.2149,8.37222,10.4338,8.32329,11.6984,10.2062,8.37793,9.69485,6.81456,6.68732,6.95813,7.66515,6.81362,6.65657,9.41904,6.85831,8.35807,9.5427,9.32254,6.95202,10.1315,7.49888,9.62505,5.47677,9.33874,5.4894,6.42958,8.60249,11.0457,4.97678,4.22375
1,11.4593,10.5237,11.3975,9.01624,8.61449,10.5334,8.83382,11.0999,9.51718,7.9661,10.9931,6.58962,6.91179,7.48699,8.12601,7.40247,6.47086,8.42433,7.60313,8.52988,9.76059,8.22949,7.06346,8.64664,7.63426,10.0298,5.72913,8.40066,5.21565,6.64131,7.87527,9.69844,4.8556,4.2712
1,11.6719,10.9222,11.075,9.49501,8.41505,10.6338,9.16458,11.4503,9.64045,8.67785,11.3995,6.09804,7.14164,7.47691,7.99237,7.61432,6.44117,8.72385,7.38946,8.45492,9.66214,8.56399,6.77842,8.79892,7.33936,10.4402,5.5451,9.12625,5.35554,7.20462,7.68573,9.83101,5.30198,4.10994
1,11.5547,11.0045,11.0027,9.17328,8.52591,10.5894,9.39636,11.5424,9.51268,8.47944,11.1469,7.01092,6.9389,7.26473,8.10938,7.0811,6.69523,8.66127,7.29393,8.65942,9.30824,9.11714,7.29544,9.00628,7.68978,10.874,5.78892,9.24033,5.16794,6.99529,7.84099,9.77367,5.46385,4.15301
1,11.9528,10.6922,10.8131,9.45813,8.27615,11.2026,9.48727,12.0172,10.4648,9.22563,12.021,6.76727,6.78788,7.11861,7.84561,7.70254,6.20697,9.0663,7.10444,8.39885,9.88446,8.76268,6.97259,9.7292,7.50272,10.5023,5.44692,8.68611,6.01218,6.88426,8.72849,10.4341,5.23432,4.19906
1,11.79,10.6516,11.3193,8.98512,8.73361,11.6678,9.55092,11.7877,10.2019,8.72535,10.4722,6.32586,6.70356,6.71196,7.7672,7.64263,6.42595,9.11109,6.84501,8.91454,9.9074,8.58608,7.80202,9.3945,7.61523,9.62159,5.70276,8.70497,5.52673,6.56478,8.43325,10.4959,5.31438,4.1185
1,11.6826,9.48314,9.41901,9.75301,8.0162,10.7276,8.48187,11.1126,9.74367,8.61623,10.3208,6.62253,6.71297,6.35027,7.25892,7.12512,6.49724,9.6726,6.95751,8.74529,8.58617,8.57518,7.21125,9.3605,7.66309,8.27883,5.48663,8.65131,5.53908,6.54308,8.4794,10.4665,5.28362,4.44052
1,11.6363,10.6429,10.6815,9.77331,8.4835,10.6466,9.2498,11.4276,9.65832,9.17042,10.3603,6.56164,6.91429,6.94245,7.92918,7.27247,6.70621,9.20313,6.91766,8.68144,8.93119,8.8453,6.72849,9.26254,7.08359,10.6239,5.75999,8.86157,5.2893,7.00944,7.67839,9.71098,5.54693,4.13072
1,11.7483,10.8752,11.1446,9.14735,8.7967,10.5564,9.49653,11.5205,9.80691,8.49195,11.9852,6.17537,7.13973,7.66843,7.90295,7.23981,6.41073,8.98944,7.72112,7.94149,10.2048,8.55142,6.64166,9.47189,7.42452,10.1372,5.22218,8.92336,5.41572,6.68962,8.35982,10.6952,5.33615,4.21524
1,11.8379,11.127,11.9809,9.19774,9.05598,11.7408,10.5584,11.741,9.88177,8.59285,11.1665,7.33586,7.21893,7.4245,8.36273,7.90761,6.19118,8.37697,7.13193,9.64244,9.525,8.58215,7.23811,8.87841,7.41583,10.609,5.70812,8.4069,5.89135,7.25716,8.77828,10.3696,5.37586,4.28514
1,11.2263,10.9629,11.8639,9.12492,8.65773,10.8216,9.19173,11.9821,9.41527,8.48494,11.0154,7.11495,7.31934,7.19084,7.92632,7.3497,6.6388,8.86053,6.64513,9.01153,9.60636,9.16285,6.85114,8.70368,7.57315,10.9303,5.94619,8.86587,5.40079,7.14568,7.88499,9.69703,5.34219,4.29144
1,11.7709,10.7748,10.6185,8.63797,8.44824,11.0582,9.29332,12.0703,10.2259,8.14646,10.9166,6.64608,6.72388,7.30532,8.07434,7.3719,6.13049,9.66,6.73753,9.44014,9.52036,8.47838,6.90927,9.53799,7.33102,10.2893,5.56329,8.77301,5.87067,6.5436,8.73766,10.9096,5.30209,4.2494
1,11.1892,10.9582,11.1101,9.37077,8.12027,10.5045,9.52488,10.9382,9.20113,8.03752,11.0463,6.56774,7.19999,7.32747,8.01182,7.39917,6.70651,8.38295,6.99132,8.47834,9.74368,8.22271,6.84861,8.18665,8.12243,10.6705,5.67569,8.75744,5.22019,7.21134,7.56218,9.10558,5.34111,4.16827
1,11.3985,10.229,10.147,9.12063,8.36565,10.4693,8.61169,11.2508,9.81269,8.87311,10.8182,6.36852,6.86806,7.15867,7.82675,7.20044,6.58529,9.50988,6.81352,8.26035,9.29836,8.13007,7.21282,9.43405,7.1545,9.65651,5.82571,8.81095,5.61053,6.78545,8.03332,10.3355,5.51383,4.35918
